Question,Answer
What is the purpose of this study?,"The purpose of this study is to determine the sources and rates of atmospheric nutrient deposition and its effects on nutrient stoichiometry, assess the effects of climate warming and nutrient enrichment on eutrophication, and estimate the critical nutrient load and required nutrient reductions to recover the expected water quality."
What is the title of Gibson G et al 2000 article?,The title of Gibson G et al 2000 article is Nutrient Criteria Technical Guidance Manual Lake and Reservoirs.
What data is used in the study?,The study uses Geophys Res Lett data from 43 10.
What data sets are collected in this study?,"This study collects various datasets including meteorological data, hydrological data, water quality data, remote sensing data, and socioeconomic data."
How did the study verify the accuracy of the dataset?,"The study verified the accuracy of the dataset by collecting ground sample points, utilizing a random forest model and a feature optimization algorithm, and calculating a confusion matrix via ground sample points."
What does the arrow in Figure 6 represent?,"The arrow in Figure 6 represents the strength of correlation between the two influencing factors The wider the arrow, the stronger the correlation between the two factors."
What was the publication date of the study?,The study was published on Nat Clim Change 10 in 2020.
What is the title of the paper?,"The title of the paper is Managing Fisheries for Human and Food Security by McClanahan, T, Allison, EH, Cinner, JE."
What is the purpose of this study?,"The purpose of this study is to compare the composition and biomass of phytoplankton assemblages of lakes with abundant vegetation, dominated by charophytes and angiosperms, and to analyze changes in the structure of phytoplankton communities in relation to environmental factors, such as climate warming."
What is the title of the study being discussed?,The title of the study being discussed is Knowl & Management of Aquatic Ecosystems 44.
What is the title of the article discussed?,The title of the article discussed is Allelopathic potential of stoneworts.
What was the goal of the study?,The goal of the study was to reveal the main factors affecting global forest change along distinct altitude gradients.
What data was utilized in the study?,The data used in the study was Moderate Resolution Imaging Spectroradiometer MODIS Normalized Difference Vegetation Index NDVI data.
What was the aim of this study?,The aim of this study was to explore the impact of anthropogenic activities and climate change on global forest change at distinct altitudes.
What is the source of funding for this study?,"This study was supported by the National Science Fund for Distinguished Young Scholars of China 41925030, the Youth Innovation Promotion Association of Chinese Academy of Sciences 2020370, the Applied Basic Research Project of the Science Technology Department of Sichuan Province 2020YJ0428, the Innovation Capacity Improvement Program of Chengdu University of Information Technology KYTD202219, and the Scientific Research Fund of Chengdu University of Information Technology KYTZ202242."
What is the title of the 2010 paper discussing phenological transitions' influence on forest ecosystem productivity?,The title of the 2010 paper is Influence of Spring and Autumn Phenological Transitions on Forest Ecosystem Productivity.
What are the objectives of the study?,"The objectives of this study were to analyze the spatiotemporal trends of the LSP and the ECIs, explore the impact of extreme climates changes on the LSP, and forecast the future trends of ECIs and discuss their possible impact on the LSP."
What was the main focus of the study?,"The main focus of the study was to examine the spatiotemporal characteristics of 13 extreme climate indices from 2000 to 2020 in Central Asia, extract land surface phenology LSP variables, analyze the impact of extreme climates on LSP, and predict the future extreme climate changes."
What were the main conclusions of the study?,"The main conclusions of the study were that the land surface phenology showed a trend of delayed start of the season, an advanced end of the season, and a shortened length of the growing season under the influence of extreme climate from 2000 to 2020."
"What is the title of the study by Sun, Q et al 2016a?","The title of the study by Sun, Q et al 2016a is Extreme Climate Events and Agricultural Climate Indices in China CMIP5 Model Evaluation and Projections."
"What is the title of the study by Sun, W et al 2016b?","The title of the study by Sun, W et al 2016b is Changes in Extreme Temperature and Precipitation Events in the Loess Plateau China During 19602013 Under Global Warming."
What methods were used in the study?,"The methods used in the study included soil sampling, chemical analyses, and statistical modelling."
What ratio was used for the analysis?,The ratio of p/a observations used in the analysis was set to 11.
What models are shown in Fig 4?,The sensitivity and specificity of all candidate models across a range of cut-off thresholds are shown in Fig 4.
What is the conclusion of this study?,The conclusion of this study is that the predicted fundamental climate niches provided a more realistic assessment of climate change impact on existing forests and demonstrated a much greater potential for assisted migration than realized climate niches.
What do the innovations of this study enable?,The innovations of this study enable the prediction of species fundamental climate niche using only presence and absence data within the species native range.
What is the source of funding for this study?,Funding for this study was provided by the Natural Sciences and Engineering Research Council of Canada to Tongli Wang RGPIN-2018-04643.
What is the article about?,The article is about the effects of sample size on the performance of species distribution models.
What is the DOI number for the article?,The DOI number for the article is 101111/j1472-4642200800482x.
Where can the tool be accessed?,The tool can be accessed at https//CRANR-projectorg/package=mgcv.
What data has been used?,The data that has been used is confidential.
What were the results of the study?,The results showed that the quality of fresh organic matter can affect priming of soil organic matter and the utilization patterns of microbes.
What is the purpose of this study?,The purpose of this study is to explore the periodic change characteristics and correlations of vegetation with the climate factors in Inner Mongolia in 2000-2019 by applying the Vegetation Maximum Difference VMD method.
What are the key findings of this study?,"The key findings of this study are that vegetation in Inner Mongolia is highly sensitive to global change, and climate factors such as temperature and precipitation have a significant correlation with the vegetation change."
What data sources were used in this study?,"The data sources used in this study included air temperature, precipitation, human modification, and permafrost distribution datasets."
What are the limitations of this study?,"The limitations of this study include limited available periods of satellite remote sensing data and availability of time-series environmental variables, such as soil properties, grazing, atmospheric CO2 concentrations, etc."
Where was the research conducted?,"The research was conducted in a plateau lake basin in Yunnan Province, China."
What are the key words for this article?,"The key words for this article are climate change, socioeconomic change, SSP-RCP, water yield, and vulnerability assessment."
What is the purpose of this study?,The purpose of this study is to develop a hydrological model as a supplement based on the composite index method to delineate a spatially-explicit representation of water vulnerability risk WVR.
What is the main objective of this study?,The main objective of this study was to develop a reliable WVR assessment framework and apply it in the YRB.
What were the results of the study in regards to the future water yield in YRB?,The future watershed-scale water yield in YRB was likely to decrease under all scenarios by 2100.
What is the title of the book by Xia and Li 2016?,The title of the book by Xia and Li 2016 is Vulnerability of Chinas Water Resources Under the Influence of Climate Change and its Adaptation Strategies.
What were the results of the study?,The results of the study indicated that climate change and human activities have both contributed to grassland degradation.
What is the title of the research published in Ecol Indic 90?,"The title of the research published in Ecol Indic 90 is Distinguishing the impacts of climate change and anthropogenic factors on vegetation dynamics in the Yangtze River Basin, China."
What is the title of the research published in Technol Forecast Soc Change?,The title of the research published in Technol Forecast Soc Change is Towards the dream of go green an empirical importance of green innovation and financial depth for environmental neutrality in worlds top 10 greenest economies.
What is the title of Xin et al's article?,The title of Xin et al's article is Do International Resources Configure SMEs Sustainable Performance in the Digital Era? Evidence from Pakistan.
What is the purpose of this study?,The purpose of this study is to predict the potentially suitable areas of Litsea cubeba in China under climate change using the optimized MaxEnt model.
What evidence supports the research?,"The evidence supporting this research includes Hulme et al 2010 researching climate change in East Asia, the Intergovernmental Panel on Climate Change's IPCC 2021 report on climate change, Jessi et al 2014 research on bats in parks, and Ji et al 2019 research on the black-and-white snub-nosed monkey."
What is the title of the first research article in the paragraph?,The title of the first research article is Projection and Evaluation of Extreme Temperature and Precipitation in Major Regions of China by CMIP6 Models.
What is the title of the second research article in the paragraph?,The title of the second research article is Research on Essential Oil of Litsea cubeba.
What is the title of the study the article by Kuera in 2019 comments on?,The title of the study the article by Kuera in 2019 comments on is Zirbengesellschaften in der Tatra.
"What is the title of the paper Ann Rev Mar Sci 4, 11-37?",The title of the paper is Climate-induced decrease in biomass flow in marine food webs may severely affect predators and ecosystem production.
"What is the title of the paper Glob Chang Biol 27 11, 26082622?",The title of the paper is Biodiversity enhances reef fish biomass and resistance to climate change.
What is the title of the research article in Ekol Model 416?,The title of the research article in Ekol Model 416 is Body size and foodweb interactions mediate species range shifts under warming.
What is the title of the paper by Feng et al 2016?,The title of the paper by Feng et al 2016 is Revegetation in Chinas Loess Plateau is Approaching Sustainable Water Resource Limits.
What is the title of the paper by Flerchinger 2017?,The title of the paper by Flerchinger 2017 is The Simultaneous Heat and Water SHAW Model Users Manual.
What is the title of Richards's paper published in 1931?,The title of Richards's paper published in 1931 is Capillary conduction of liquids through porous mediums.
What is the purpose of this study?,The purpose of this study is to investigate land-use change and global climate change effects and develop solutions to mitigate the effects of these two factors.
What data sources were used in this study?,"This study used the data of the United Nations Framework Convention on Climate Change UNFCCC, 2015; FAOSTAT, 2013; IPCC, 2015, the data of the Global Carbon Atlas, and World Banks time-series data CO2 emission, temperature, and land use and land cover over 19662015 50 years."
What are the limitations of this study?,One of the limitations of this study is the impossibility of simulating the climate change of the studied areas in other parts of the world that have not been investigated.
What are the limitations of this study?,"Lack of reliable and complete time series data of the drivers at the global level, conducting the study only over the time series of 1966-2015 and not examining the data of recent years are the two main limitations of this study."
What is the title of the Lawrence and Vandecar paper?,The title of the Lawrence and Vandecar paper is Effects of tropical deforestation on climate and agriculture.
What is the title of the paper on land use changes in Southeast China 1979-2020?,"The title of the paper is Land Use Changes Induced County-Scale Carbon Consequences in Southeast China 19792020, Evidence from Fuyang, Zhejiang Province."
What is the title of the paper on global climatic variation and energy use?,The title of the paper is Global Climatic Variation and Energy Use.
What is the title of the first study discussed?,The first study discussed is titled Gains and losses of plant species and phylogenetic diversity for a northern high-latitude region.
"What is the title of the paper written by RF Rupp, NG Vsquez, and R Lamberts?","The paper is titled A review of human thermal comfort in the built environment by RF Rupp, NG Vsquez, and R Lamberts, and was published in Energy Build 105 2015."
What is the title of the paper referenced in citation 21?,The title is Estimating the Metabolic Rate and Associated Physiological Response for Indian Subjects Through Climate Chamber Experiments.
"What is the title of the chapter authored by RF Rupp, J Toftum, and E Ghisi in the book Routledge Handbook of Resilient Thermal Comfort?","The title of the chapter authored by RF Rupp, J Toftum, and E Ghisi in the book Routledge Handbook of Resilient Thermal."
What is the title of the article cited in reference 29?,The title of the article cited in reference 29 is A new type test chamber in Copenhagen and New Haven for common investigations of man's thermal comfort and physiological reactions.
What is the title of the standard published by the International Standard Organization in 2021?,The title of the standard published by the International Standard Organization in 2021 is ISO 8996 - Ergonomics of the Thermal Environment Determination of Metabolic Rate.
What is the title of the research paper?,The title of the research paper is Forearm to Fingertip Skin Temperature Gradients in the Thermoneutral Zone Were Significantly Related to Resting Metabolic Rate Potential Implications for Nutrition Research.
What is the title of the paper published in Energy Econ 30 2008?,The title is Willingness to pay for energy-saving measures in residential buildings.
What is the title of the paper published in Sustain Cities Soc 36 2018?,The title is Which factors determine the extent of house owners' energy-related refurbishment projects? A Motivation-Opportunity-Ability Approach.
- What is the title of the paper discussed in reference 30?,- The title of the paper discussed in reference 30 is Towards an Explanatory and Computational Theory of Scientific Discovery.
What is the title of the paper in R Das et al 2018?,"The title of the paper is Demographic Determinants of Canadas Households Adoption of Energy Efficiency Measures Observations from the Households and Environment Survey, 2013."
What is the title of the article in 41?,"J Desmedt, G Vekemans, D Maes, Ensuring effectiveness of information to influence household behaviour."
What is the title of the article in 42?,"J Dolak, N Hrovatin, J Zoric, Factors impacting energy-efcient retrots."
What is the title of the first article listed?,The title of the first article listed is Understanding of consumer behaviour as a prerequisite for environmental protection.
What is the title of the article by Perez-Lombard and Pout?,The title of the article by Perez-Lombard and Pout is A Review on Buildings Energy Consumption Information.
What is the title of the book written by ERogers?,The title of the book written by ERogers is Diffusion of Innovations.
What is the title of the article?,The title of the article is Energy & Buildings 282 2023 112801.
What is the title of the conference proceedings discussed in this reference?,The title of the conference proceedings is ECEEE Summer Studies.
What is the title of the article by Yao and Steemers?,The title of the article by Yao and Steemers is A Method of Formulating Energy Load Prole for Domestic Buildings in the UK.
"What is the title of the paper by Guyot, Carri, and Schild?","The title of the paper by Guyot, Carri, and Schild is Stimulation of good building and ductwork airtightness through EPBD."
- What is the title of the European Collaborative Action published in 1992?,"- European Collaborative Action, Guidelines for Ventilation Requirements in Buildings, Ofcial Publications of the European Community Luxembourg, EUR, 1992."
- What is the title of T Sag et al's paper published in 2022?,"- T Sag, H Kahramanlrnek, Classication rule mining based on Pareto-based Multiobjective Optimization, Appl Soft Comput 127 2022."
What is the purpose of this study?,This study is trying to analyze the optimization of solar orientation and the need to adopt the analysis of constructive parameters to improve the energetic performance of residential buildings.
What is the title of the study done by Vukadinovic et al?,The title of the study is Multi-objective optimization of energy performance for a detached residential building with a sunspace using the NSGA-II genetic algorithm.
What is the title of the study by X Chen et al?,The title of the study by X Chen et al is Approaching low-energy high-rise building by integrating passive architectural design with photovoltaic application.
What is the title of the study by R Gagnon et al?,The title of the study by R Gagnon et al is Performance of a sequential versus holistic building design approach using multi-objective optimization.
What is the title of the article?,The title of the article is Modelagem generativa integrada ecincia energtica Estudo da otimizao da forma de edicaes institucionais.
What is the title of the paper?,Optimization of building envelope design for nZEBs in Mediterranean climate Performance analysis of residential case study.
What is the title of the paper by JN Hacker et al?,The title of the paper by JN Hacker et al is Embodied and Operational Carbon Dioxide Emissions from Housing A Case Study on the Effects of Thermal Mass and Climate Change.
What is the title of the BSRIA guide discussed in the paper?,The title of the BSRIA guide discussed in the paper is The Inventory of Carbon and Energy v30 ICE.
What is the title of the report by the McKinsey Global Institute?,The report is titled A Blueprint for Addressing the Global Affordable Housing Challenge.
What is the title of the paper discussed in the paragraph ?,Role of carbon in sustainable development.
What is the title of the document discussed in the paragraph ?,Affordable housing need in Scotland.
What is the title of the article 5?,The title of the article 5 is Constructing Design Weather Data for Future Climates.
What is the title of DECC & Lowe's 2016 publication?,"The title of DECC & Lowe's 2016 publication is Renewable Heat Premium Payment Scheme Heat Pump Monitoring Raw Data, 2013-2015."
What is the title of the research conducted in 2013 by R Roy and S Caird?,"The title of the research conducted in 2013 by R Roy and S Caird is Diffusion, user experiences and performance of UK domestic heat pumps."
What is the title of the PhD thesis submitted by Sansom in 2014?,The title of the PhD thesis submitted by Sansom in 2014 is Decarbonising low grade heat for a low carbon future.
What is the title of the article in reference 12?,The title of the article in reference 12 is Design of Timber Structures Part 1-1 General Common Rules and Rules for Buildings.
What is the title of the article in reference 15?,The title of the article in reference 15 is Cross-laminated Timber for Building Construction A Life-Cycle-Assessment Overview.
What is the title of the article Energy 177 2016?,The title of the article is Impact of hvac set point adjustment on energy savings and peak load reductions in buildings.
What is the title of the publication in reference 34?,The title of the publication in reference 34 is An open-source automated continuous condition-based maintenance platform for commercial buildings.
What is the title of the publication by Blocken et al?,The title of the publication by Blocken et al is Numerical Evaluation of Pollutant Dispersion in the Built Environment Comparisons Between Models and Experiments.
What is the title of the paper by Eshelman and Schaffer in 1993?,The title of the paper is Real-coded Genetic Algorithms and Interval-schemata.
What is the title of the article?,The title of the article is ESM-SnowMIP Assessing snow models and quantifying snow-related climate feedbacks.
What is the title of the research article?,The title of the research article is A sensitivity analysis on effective parameters for sliding/melting prediction of snow cover on solar photovoltaic panels in cold regions.
What is the title of the article by Weilnhammer and colleagues?,The title of the article by Weilnhammer and colleagues is Extreme Weather Events in Europe and Their Health Consequences - A Systematic Review.
What is the title of the journal article in reference 8?,The title of the article in reference 8 is Thermochromic Hydrogels with Dynamic Solar Modulation and Regulatable Critical Response Temperature for Energy-Saving Smart Windows.
What is the title of the paper in reference 17?,The title of the paper in reference 17 is A Radiative Cooling Structural Material.
"What is the title of the paper by O Alcaraz, P Buenestado, B Escribano, B Sureda et al?",The title of the paper is Distributing the Global Carbon Budget with Climate Justice Criteria.
What is the title of the 2020 Global Status Report for Buildings and Construction?,The title of the 2020 Global Status Report for Buildings and Construction is United Nations Environment Programme.
What is the title of the paper published in Build Cities in 2020?,"The title of the paper published in Build Cities in 2020 is Carbon budgets for buildings harmonising temporal, spatial and sectoral dimensions."
What is the title of the paper published in Clim Policy in 2019?,The title of the paper published in Clim Policy in 2019 is Implications of various effort-sharing approaches for national carbon budgets and emission pathways.
What data has been used in this paper?,The data used in this paper is condential.
What is the title of the article referenced in 26?,The title of the article referenced in 26 is Energy consumption in households from Eurostat Statistics Explained.
What is the title of the article referenced by number 31?,The title of the article referenced by number 31 isPerformance evaluation of humidity controlled ventilation strategies in residential buildings.
What is the title of the article by Wolf?,The title of the article by Wolf is Studies of the Ageing Behaviour of Gun-Grade Building Joint Sealantsthe State of the Art.
What is the title of CENEN 15978?,CENEN 159782011 Sustainability of Construction WorksAssessment of Environmental Performance of BuildingsCalculation Method.
What is the title of the article by N Llantoy et al?,The title of the article by N Llantoy et al is A Comparative Life Cycle Assessment LCA of Different Insulation Materials for Buildings in the Continental Mediterranean Climate.
What is the source of funding for this study?,The study is financed by the Academy of Finland STARCLUB with grant No 324023 and CleanSchool with grant No 330150.
What is the title of the study in 4?,The title of the study in 4 isAn Economically Feasible Optimization of Photovoltaic Provision Using Real Electricity Demand A Case Study in New York City.
What is the title of the article by Ramos-Escudero et al?,"The title of the article is Energy, Economic and Environmental GISbased Analysis of Shallow Geothermal Potential in Urban AreasA Spanish Case Example."
What is the title of the paper?,"M Usman, D Jonas, G Frey, A methodology for multi-criteria assessment of renewable integrated energy supply options and alternative HVAC systems in a household."
"What is the title of the paper discussed in T Horschig, D Thrn's article?","The title of the paper discussed in T Horschig, D Thrn's article is Are decisions well supported for the energy transition? A review on modeling approaches for renewable energy policy evaluation."
What is the title of the book written by N Draper and H Smith?,The title of the book written by N Draper and H Smith is Introduction to Statistical Analysis.
What is the title of the working paper written by GS Uddin et al?,The title of the working paper written by GS Uddin et al is Analysis of Forecasting Models in an Electricity Market under Volatility.
What is the title of the Dutch thermal comfort guideline published in 2004?,The title is ISSO-publicatie 74 Thermische behaaglijkheid.
What is the title of the book by W Brutsaert?,"The book is titled Evaporation into the Atmosphere Theory, History and Applications."
"What is the title of the article by Hagishima, Tanimoto and Field?",The title of the article is Field Measurements for Estimating the Convective Heat Transfer Coefficient at Building Surfaces.
What is the title of the paper?,The title of the paper is Assessment of the Paris Urban Heat Island in ERA5 and OFFLINE SURFEX-TEB V81 Simulations Using Meteosat Land Surface Temperature Product.
What is the title of the Journal article by Clark?,Simulated Sensitivity of Urban Green Infrastructure Practices to Climate Change in Earth Interact 22 2018 137.
What data has been used in the research?,The data that has been used is confidential.
What is the title of article 11?,The title of article 11 is Experimental and Numerical Evaluation of a Novel Dual-Channel Windcatcher with a Rotary Scoop for Energy-Saving Technology Integration.
What is the title of article 15?,The title of article 15 is Performance Analysis of Clean Energy Using Geothermal Earth to Air Heat Exchanger GEAHE in Lower Himalayan Region Case Study Scenario.
What is the title of the article by Florides and Kalogirou?,"The title of the article by Florides and Kalogirou is Ground Heat Exchangers - A Review of Systems, Models and Applications."
What is the title of the article by T Mendis et al?,"The title of the article by T Mendis et al is Economic potential analysis of photovoltaic integrated shading strategies on commercial building facades in urban blocks A case study of Colombo, Sri Lanka."
What is the title of the article by J Schnieders et al?,The title of the article by J Schnieders et al is Passive Houses for different climate zones.
What was the goal of the study in reference 50?,The goal of the study in reference 50 was to reduce energy use and CO2 emissions in historic dwellings using Passive House Planning Package.
What is the title of the article reviewed by Kenny T Kjellstrom?,The article reviewed by Kenny T Kjellstrom is titled Workers' Health and Productivity under Occupational Heat Strain A Systematic Review and Meta-Analysis.
What is the title of the NIOSH document cited in the text?,The title of the NIOSH document cited in the text is NIOSH Criteria for a Recommended Standard Occupational Exposure to Heat and Hot Environments.
What is the title of the article Natl Acad Sci USA 119 2022 e2206131119?,The title is Humiditys Impact on Greenhouse Gas Emissions from Air Conditioning.
What is the title of the paper in reference 55 ?,The title is Indoor Heat Stress and Cooling Energy Comparison Between Green Roof GR and Non-Green Roof n-GR by Simulations for Labor Intensive Factories in the Tropics.
"What is the title of the manual created by Abbaspour, K.C.?","The title of the manual created by Abbaspour, K.C. is SWAT-CUP2: SWAT Calibration and Uncertainty Programs: A User Manual.."
What is the title of Earman and Dettinger 2011 publication?,"The title of Earman and Dettinger 2011 publication is ""Potential impacts of climate change on groundwater resources a global review"".."
What is the title of the first reference?,"The first reference is ""Climate Change 2021: The Physical Science Basis. Contribution of Working Group I to the Sixth Assessment Report of the Intergovernmental Panel on Climate Change"".."
What is the title of the paper by Ghadimi et al. in 2014?,"The title of the paper by Ghadimi et al. in 2014 is ""A PSO-based Fuzzy Long-Term Multi-Objective Optimization Approach for Placement and Parameter Setting of UPFC"".."
What is the title of the paper by Dressler et al. in 2020?,"The title of the paper by Dressler et al. in 2020 is ""Global Optimization via the Dual SONC Cone and Linear Programming"".."
How did the study address potential problems caused by global warming and the shortage of non-renewable resources in the future?,"The study focused on retrofitted operation measures for an office building under future climate conditions, optimizing night NV variables and PV variables to reduce carbon emissions and adjusting indoor setpoint and air source heat pump setpoint to adapt to global warming.."
What is the title of the paper written by Hoegh-Guldberg et al. in 2019?,"The title of the paper written by Hoegh-Guldberg et al. in 2019 is ""The Human Imperative of Stabilizing Global Climate Change at 1.5C"".."
"What is the title of the article ""Build. Environ. 44, 24512462""?","The title of the article is ""Evaluating the Potential Impact of Global Warming on the UAE Residential Buildings A Cont."
What are the objectives of the study?,"The objectives of the study are to develop a simulation model of qualification waste management in Novosibirsk to reduce the negative impact on the environment, to assess the efficiency of investments in the program for increasing the level of collection and recycling of MSW, to substantiate the mechanisms of public-private partnership in the sphere of MSW handling in Novosibirsk, and to hold an ecological marathon to educate the population by the developed author's methodology and to describe its results.."
What is the source of funding for this study?,"The study was supported by the Russian Science Foundation, Project No.22-18-00424.."
What is the purpose of this study?,"This study aims to understand the implications of climate change on the near-surface wind speed and its spatiotemporal variability over the open ocean, and to project the wind speed of the North Atlantic Ocean using the WRF-ARW model driven by ERA5 reanalysis (19792019) and two CMIP6 models (HIST and RCP8.5; 19792100).."
What is the title of the paper by Insua-Castro and Miguez-Macho in 2018?,"The title of the paper by Insua-Castro and Miguez-Macho in 2018 is ""A new moisture tagging capability in the Weather Research and Forecasting model: formulation, validation and application to the 2014 Great lake-effect snowstorm"".."
What is the title of the Intergovernmental Panel on Climate Change report in 2021?,"The title of the Intergovernmental Panel on Climate Change report in 2021 is ""Climate change 2021: The physical science basis"".."
What is the title of the first article?,The title of the first article isOn the Accuracy of CORDEX RCMs to Project Future Winds Over the Iberian Peninsula and Surrounding Ocean..
What is the title of the second article?,The title of the second article isEvaluation of Global Terrestrial Near-Surface Wind Speed Simulated by CMIP6 Models and Their Future Project.
What is the title of the 2016 paper by Yao et al.?,"The title of the 2016 paper by Yao et al. is ""Statistical Downscaling of IPCC Sea Surface Wind and Wind Energy Predictions for US East Coastal Ocean, Gulf of Mexico, and Caribbean Sea"".."
How did the study prove that solar energy generation can be optimized?,"The study proved that solar energy generation can be optimized by considering the design, use of materials and proper cooling methods even using the same solar panel.."
What is the purpose of this study?,"The purpose of this study is to identify and understand the heterogeneous consumer preferences for carbon-neutral energy generation technologies and link these preferences to respondents characteristics, knowledge, and concerns.."
What is the title of the Sage Publication book?,The title of the Sage Publication book is Decision Making under Uncertainty in Electricity Markets..
What is the title of the Energy Strategy Rev. 10 (May) paper?,"The title of the Energy Strategy Rev. 10 (May) paper is ""Computer model for a winddiesel hybrid system with compressed air energy storage"".."
What is the title of the Renew. Energy 113 paper?,"The title of the Renew. Energy 113 paper is ""System design and operation for integrating."
What is the title of van Beeck's 1999 research memorandum?,"The title of van Beeck's 1999 research memorandum is ""Classification of Energy Models"".."
What is the title of the first journal article mentioned in the passage?,"The first journal article mentioned in the passage is titled ""Financial Liberalisations in Latin America in the 1990s: A Reassessment"" and was published in the World Economy journal.."
What is the title of the second journal article mentioned in the passage?,"The second journal article mentioned in the passage is titled ""Nuclear Energy Consumption, Commercial Energy Consumption and Economic Growth in South Asia: Bootstrap Panel Causality Test"" and was published in the Renewable Sustainable Energy."
What is the title of the research paper by Sohail et al.?,"The title of the research paper by Sohail et al. is ""Effect of Foreign Direct Investment on Bilateral Trade: Experience from Asian Emerging Economies.""."
"What is the title of the article by Julis, Jennifer, Leitner, Walter et al (2012)?","The title of the article by Julis, Jennifer, Leitner, Walter et al (2012) is ""Synthesis of 1-Octanol and 1, 1-Dioctyl Ether from Biomass-Derived Platform Chemicals"".."
What is the title of the Eco-Village Policy and Practice for a Sustainable World?,"The title of the Eco-Village Policy and Practice for a Sustainable World is Libria, Melfi, 2019, Vol. I. pp. 205215, Chapt. 3.9.."
"What was the main focus of the study by Ling, Ahmad and Ossen in 2007?","The main focus of the study by Ling, Ahmad and Ossen in 2007 was to investigate the effect of geometric shape and building orientation on minimising solar insolation on high-rise buildings in hot humid climates.."
What is the title of the research paper by Shrestha et al. in 2018?,"The title of the research paper by Shrestha et al. in 2018 is ""Emissions of Air Pollutants and Greenhouse Gases in Nepal: An Integrated Inventory"".."
"What is the title of the article written by Achtnicht and Madlener, 2014?","The title of the article written by Achtnicht and Madlener, 2014 is"" Factors influencing German house owners' preferences on energy retrofits"".."
"What is the title of the article written by Alberini et al., 2013?","The title of the article written by Alberini et al., 2013 is ""Energy."
What is the title of Johnson's 2020 study?,"The title of Johnson's 2020 study is ""Is Demand Side Response a Woman's Work? Domestic Labour and Electricity Shifting in Low Income Homes in the United Kingdom"".."
What is the title of Johnson et al.'s 2020 study?,"The title of Johnson et al.'s 2020 study is ""Intersectionality and Energy Transitions: A Review of Gender, Social Equity and Low-Carbon Energy"".."
What is the title of Shen et al. publication?,"The title of Shen et al. publication is ""Eco-feedback delivering methods and psychological attributes shaping household energy consumption: Evidence from intervention program in Hangzhou, China"".."
What is the title of Shortall's publication?,"The title of Shortall's publication is ""Social or economic goals, civic inclusion or exclusion? An analysis of rural development. Theory and practice"".."
What is the title of the research paper discussed in the first paragraph?,"The title of the research paper discussed in the first paragraph is ""Household energy literacy: A critical review and a conceptual typology"".."
What is the article about the simultaneous presence of SO2 and CO as impurities in the carbon capture and storage technology?,"The article evaluates the simultaneous presence of SO2 and CO as impurities in the carbon capture and storage technology, specifically for the CO2/SO2/CO cocapture process.."
What is the title of the research paper conducted by Hong et al in 2020?,"The title of the research paper conducted by Hong et al in 2020 is ""Study on Reducing the Risk of Stress Corrosion Cracking of Austenitic Stainless Steel Hydraulically Expanded Joints"".."
What is the research topic of the paper conducted by Irani et al in 2022?,"The research topic of the paper conducted by Irani et al in 2022 is ""Post-Combustion Emission Control of a Gas Turbine Cooperated Solar Assisted CO2 Based-Reforming Utilizing CO2 Capture Technology"".."
What is the title of the paper by Norhasyima and Mahlia?,"The title of the paper by Norhasyima and Mahlia is ""Advances in CO2 Utilization Technology: A Patent Landscape Review"".."
What is the title of Sun et al.'s paper?,"The title of Sun et al.'s paper is ""Synergistic Effect of O2, H2S and SO2 Impurities on the Corrosion Behavior of X65 Steel in Water-Saturated Supercritical CO2 System"".."
What is the title of Tang et al.'s paper?,"The title of Tang et al.'s paper is ""Analysis of Internal Corrosion of Supercritical CO2 Pipeline"".."
What is the title of Durakovic G et al.'s paper in Energy Journal?,"The title of Durakovic G et al.'s paper in Energy Journal is ""Powering Europe with North Sea Offshore Wind: The Impact of Hydrogen Investments on Grid Infrastructure and Power Prices"".."
(Paragraph 3): What is the title of the article authored by Amiri and Eslamian?,"The title of the article authored by Amiri and Eslamian is ""Investigation of Climate Change in Iran"".
 swer: The article ""Assessing the Impact of Climate Change on Water Resources in."
What is the purpose of this study?,"The purpose of this study is to explore the use of a building fabric to store energy to shift the peak load to off-peak times while simultaneously considering all influential variables such as weather conditions, internal heat gains, and electricity prices, in order to reduce electricity cost and increase energy efficiency.."
What is the title of the article Renew Energy 2016?,"The title of the article is ""Detailed energy saving performance analyses on thermal mass walls demonstrated in a zero energy house"".."
What is the title of the study conducted by Azimi et al. in 2022?,"The title of the study conducted by Azimi et al. in 2022 is ""Optimization of Thermal and Electrical Efficiencies of a Photovoltaic Module Using Combined PCMs with a Thermo-Conductive Filler"".."
What is the purpose of this study?,This study adds to the existing literature on green energy assets by investigating the effect of climate risk on the return and volatility of green energy assets..
What is the purpose of this study?,"The aim of this study is to evaluate the improvement of the COP of a heat pump, and the potential energy savings, when combining it with the cooling function of the RCE.."
What was the main focus of the study by Harris et al. (2000)?,The main focus of the study by Harris et al. (2000) was to examine the level of investment in energy efficiency initiatives by Australian firms..
What is the title of the first article referenced in the paragraph?,"Blumstein C, Krieg B, Schipper L, York C. Overcoming social and institutional barriers to energy conservation.."
What is the title of the article in Sustainability (2020)?,"The title of the article in Sustainability (2020) is ""Covid-19 pandemic: Early implications for Northern European manufacturing and logistics"".."
What is the article about?,"The article is about how telework, travel behavior, and land-use patterns are impacted by working from home, potential risks of expanding natural gas infrastructure on energy transitions, the implications of shared socioeconomic pathways for world futures in the 21st century, and how the climate community must speak up about Europe's energy crisis.."
What are the objectives of the study?,"The objectives of the study are to formulate a multi-stage algorithm for identifying large groups of panel-block buildings for which standardised, and comprehensive thermal retrofitting schemes can be developed, to validate the algorithm on a case city, to propose measures to prolong the service life of buildings, to increase their energy efficiency, to contribute to water retention, and to bring them closer to current accessibility standards, as well as to perform a financial analysis of how the implementation of these measures could be funded from savings on energy.."
What is the title of Wan et al.'s study?,"Wan et al.'s study is titled ""Building a Multi-Objective Optimization Model for Sponge City Projects"".."
What were the results of the study?,The results of the study showed that the HVAC system was able to reduce energy consumption in the building while maintaining a comfortable indoor environment..
What is the title of the book?,The title of the book is Ocean Wave Energy..
What is the title of the publication released by the European Commission in 2016?,The title of the publication released by the European Commission in 2016 is the EU Buildings Database..
What is the title of the document published by the Swedish Geological Survey?,"The document published by the Swedish Geological Survey is titled ""Normbrunn-07- Att borra brunn for energi och vatten en vagledning"" (Guideline for Design of Wells for Energy and Water).."
What is the title of the report recently published by ASIT on the Spanish solar thermal market?,"The report recently published by ASIT on the Spanish solar thermal market is titled ""Report on the Spanish Solar Thermal Market"" and it can be viewed online at https://www.asit-solar.com/.."
(Paragraph 1): What is the title of the article referenced in the first sentence of this paragraph?,"The title of the article referenced in the first sentence of this paragraph is ""Renew Sustain Energy Rev 2016;56:120726"".."
What is the title of the article published in the journal Energies (Basel) in 2016?,"The title of the article published in the journal Energies (Basel) in 2016 is ""The Need for Robust, Consistent Methods in Societal Exergy Accounting"".."
What is the title of J. Bordes' book?,"The title of J. Bordes' book is ""Les barrages en France du XVIII `e `a la fin du XX `e si`ecle Histoire ,evolution technique et transmission du savoir.""."
What is the title of the Organisation for European Economic Co-operation (OEEC) publication?,"The title of the Organisation for European Economic Co-operation (OEEC) publication is ""The electricity supply industry in europe.""."
What is the title of the article mentioned in reference 7?,"The title of the article in reference 7 is ""On the history and future of 100% renewable energy systems research""."
What is the title of the article at the end of paragraph 1?,"The title of the article is ""From using heat to using work: reconceptualising the zero carbon energy transition"".."
What is the title of the article mentioned in the second paragraph?,"The title of the article mentioned in the second paragraph is ""Renewable energy targets and unintended storage cycling: implications for energy modeling"".."
